Offset-raw,filename,ConnSpanList
And,wsj_2300,3211..3214
And,wsj_2300,8433..8436
As,wsj_2300,8554..8556
As a result,wsj_2300,4831..4842
But,wsj_2300,3742..3745
But,wsj_2300,39..42
But,wsj_2300,5793..5796
But,wsj_2300,6923..6926
But,wsj_2300,8824..8827
But,wsj_2300,9286..9289
But,wsj_2300,9603..9606
But,wsj_2300,9887..9890
For example,wsj_2300,3499..3510
However,wsj_2300,8240..8247
Meanwhile,wsj_2300,5991..6000
Then,wsj_2300,1709..1713
When,wsj_2300,1400..1404
When,wsj_2300,3888..3892
When,wsj_2300,5560..5564
While,wsj_2300,8852..8857
after,wsj_2300,3101..3106
and,wsj_2300,2734..2737
and,wsj_2300,4783..4786
and,wsj_2300,6804..6807
and,wsj_2300,6990..6993
and,wsj_2300,7120..7123
and,wsj_2300,8154..8157
as,wsj_2300,102..104
as,wsj_2300,3746..3748
as,wsj_2300,4417..4419
as,wsj_2300,6446..6448
as soon as,wsj_2300,2887..2897
because,wsj_2300,1670..1677
because,wsj_2300,8384..8391
but,wsj_2300,3435..3438
however,wsj_2300,2239..2246
on the other hand,wsj_2300,4320..4337
simultaneously,wsj_2300,9254..9268
when,wsj_2300,3020..3024
when,wsj_2300,4111..4115
when,wsj_2300,9224..9228
while,wsj_2300,3971..3976
while,wsj_2300,43..48
while,wsj_2300,6076..6081
since,wsj_2301,111..116
Earlier,wsj_2302,440..447
Also,wsj_2306,2437..2441
And,wsj_2306,280..283
And,wsj_2306,3206..3209
And,wsj_2306,4645..4648
As,wsj_2306,9..11
But,wsj_2306,1415..1418
But,wsj_2306,2529..2532
But,wsj_2306,3791..3794
But,wsj_2306,4512..4515
But,wsj_2306,5600..5603
If,wsj_2306,3469..3471
If,wsj_2306,3575..3577
If,wsj_2306,6013..6015
In addition,wsj_2306,4206..4217
Nevertheless,wsj_2306,5788..5800
Still,wsj_2306,3914..3919
after,wsj_2306,3439..3444
and,wsj_2306,329..332
and,wsj_2306,5639..5642
and,wsj_2306,6252..6255
because,wsj_2306,1197..1204
before,wsj_2306,5138..5144
but,wsj_2306,2799..2802
but,wsj_2306,469..472
but,wsj_2306,5961..5964
for instance,wsj_2306,1550..1562
And,wsj_2308,5458..5461
But,wsj_2308,4049..4052
But,wsj_2308,4587..4590
Indeed,wsj_2308,2072..2078
Meanwhile,wsj_2308,2909..2918
Nevertheless,wsj_2308,1305..1317
Still,wsj_2308,4228..4233
Though,wsj_2308,3573..3579
also,wsj_2308,1455..1459
also,wsj_2308,961..965
and,wsj_2308,2810..2813
and,wsj_2308,3164..3167
and,wsj_2308,3826..3829
and,wsj_2308,471..474
as,wsj_2308,115..117
before,wsj_2308,3365..3371
but,wsj_2308,5128..5131
however,wsj_2308,5073..5080
since,wsj_2308,3469..3474
therefore,wsj_2308,1805..1814
though,wsj_2308,1772..1778
while,wsj_2308,5392..5397
But,wsj_2309,674..677
also,wsj_2309,2095..2099
and,wsj_2309,1957..1960
and,wsj_2309,711..714
but,wsj_2309,1015..1018
though,wsj_2309,2146..2152
although,wsj_2313,1623..1631
and,wsj_2313,1182..1185
and,wsj_2313,698..701
but,wsj_2313,849..852
once,wsj_2313,1191..1195
then,wsj_2313,1186..1190
while,wsj_2313,1493..1498
After,wsj_2314,5666..5671
And,wsj_2314,1243..1246
And,wsj_2314,6729..6732
But,wsj_2314,2281..2284
But,wsj_2314,466..469
But,wsj_2314,5364..5367
But,wsj_2314,6387..6390
Meanwhile,wsj_2314,2870..2879
Still,wsj_2314,7689..7694
Then,wsj_2314,5819..5823
When,wsj_2314,2467..2471
When,wsj_2314,6229..6233
When,wsj_2314,9..13
after,wsj_2314,1750..1755
also,wsj_2314,4906..4910
also,wsj_2314,7246..7250
also,wsj_2314,7304..7308
and,wsj_2314,497..500
and,wsj_2314,5870..5873
and,wsj_2314,8043..8046
as,wsj_2314,328..330
as,wsj_2314,3626..3628
because,wsj_2314,215..222
because,wsj_2314,3018..3025
because,wsj_2314,4340..4347
because,wsj_2314,4794..4801
but,wsj_2314,1880..1883
however,wsj_2314,3850..3857
once,wsj_2314,3900..3904
since,wsj_2314,5138..5143
so,wsj_2314,2419..2421
so,wsj_2314,3394..3396
then,wsj_2314,3358..3362
then,wsj_2314,6733..6737
when,wsj_2314,6478..6482
and,wsj_2315,1044..1047
because,wsj_2315,1392..1399
because,wsj_2315,1653..1660
just a month after,wsj_2315,102..120
But,wsj_2316,2735..2738
Meanwhile,wsj_2316,2134..2143
Meanwhile,wsj_2316,217..226
also,wsj_2316,1117..1121
also,wsj_2316,1400..1404
however,wsj_2316,2790..2797
if,wsj_2316,2084..2086
Although,wsj_2317,691..699
also,wsj_2317,1352..1356
also,wsj_2317,1664..1668
also,wsj_2317,794..798
if,wsj_2319,397..399
And,wsj_2320,2589..2592
But,wsj_2320,2183..2186
But,wsj_2320,2473..2476
But,wsj_2320,2788..2791
If,wsj_2320,2856..2858
Then,wsj_2320,3000..3004
When,wsj_2320,1205..1209
When,wsj_2320,2691..2695
While,wsj_2320,1386..1391
after,wsj_2320,1167..1172
also,wsj_2320,2315..2319
also,wsj_2320,2529..2533
also,wsj_2320,351..355
also,wsj_2320,3541..3545
and,wsj_2320,1575..1578
as,wsj_2320,2944..2946
before,wsj_2320,1026..1032
but,wsj_2320,2418..2421
but,wsj_2320,3402..3405
however,wsj_2320,1847..1854
if,wsj_2320,3129..3131
in part because,wsj_2320,2640..2655
since,wsj_2320,1695..1700
And,wsj_2321,1625..1628
But,wsj_2321,1480..1483
But,wsj_2321,2829..2832
But,wsj_2321,3285..3288
But,wsj_2321,3874..3877
But,wsj_2321,836..839
Instead,wsj_2321,271..278
When,wsj_2321,2474..2478
Yet,wsj_2321,1969..1972
but,wsj_2321,1861..1864
but,wsj_2321,3725..3728
perhaps because,wsj_2321,2270..2285
rather,wsj_2321,1030..1036
Separately,wsj_2322,686..696
As,wsj_2324,153..155
But,wsj_2325,826..829
For instance,wsj_2325,3792..3804
In addition,wsj_2325,2070..2081
While,wsj_2325,3061..3066
and,wsj_2325,1619..1622
and,wsj_2325,2215..2218
and,wsj_2325,2736..2739
as,wsj_2325,1440..1442
but,wsj_2325,353..356
on the other hand,wsj_2325,3428..3445
while,wsj_2325,1589..1594
Although,wsj_2326,1944..1952
But,wsj_2326,2681..2684
But,wsj_2326,693..696
However,wsj_2326,2849..2856
before,wsj_2326,834..840
specifically,wsj_2326,570..582
when,wsj_2326,2546..2550
While,wsj_2327,847..852
because,wsj_2327,1180..1187
because,wsj_2327,1433..1440
Also,wsj_2328,906..910
However,wsj_2328,1447..1454
after,wsj_2328,1108..1113
after,wsj_2328,479..484
thus,wsj_2328,781..785
when,wsj_2328,201..205
But,wsj_2329,520..523
although,wsj_2329,661..669
previously,wsj_2329,377..387
Also,wsj_2330,546..550
Although,wsj_2330,5098..5106
And,wsj_2330,137..140
And,wsj_2330,379..382
But,wsj_2330,1496..1499
For example,wsj_2330,2885..2896
However,wsj_2330,3882..3889
While,wsj_2330,9..14
also,wsj_2330,6188..6192
and,wsj_2330,4700..4703
and,wsj_2330,6281..6284
before,wsj_2330,753..759
but,wsj_2330,3134..3137
if,wsj_2330,383..385
meanwhile,wsj_2330,5663..5672
then,wsj_2330,3956..3960
And,wsj_2331,714..717
But,wsj_2331,1191..1194
But,wsj_2331,336..339
If,wsj_2331,9..11
Separately,wsj_2331,2506..2516
also,wsj_2331,3150..3154
and,wsj_2331,1368..1371
as,wsj_2331,1880..1882
because,wsj_2331,2919..2926
but,wsj_2331,1588..1591
if,wsj_2331,1028..1030
nor,wsj_2331,1477..1480
nor,wsj_2331,2668..2671
otherwise,wsj_2331,1196..1205
previously,wsj_2331,3663..3673
so that,wsj_2331,1803..1810
but,wsj_2332,699..702
as soon as,wsj_2334,587..597
but,wsj_2334,113..116
also,wsj_2335,174..178
also,wsj_2335,415..419
After,wsj_2337,3392..3397
For instance,wsj_2337,1282..1294
However,wsj_2337,5104..5111
While,wsj_2337,1939..1944
also,wsj_2337,4013..4017
also,wsj_2337,4691..4695
also,wsj_2337,676..680
and,wsj_2337,5383..5386
as,wsj_2337,1342..1344
as,wsj_2337,1630..1632
because,wsj_2337,3498..3505
but,wsj_2337,1094..1097
but,wsj_2337,1382..1385
but,wsj_2337,4333..4336
in fact,wsj_2337,885..892
while,wsj_2337,1665..1670
while,wsj_2337,533..538
But,wsj_2338,2668..2671
and,wsj_2338,3759..3762
as,wsj_2338,200..202
as,wsj_2338,536..538
as a result,wsj_2338,4301..4312
before,wsj_2338,1424..1430
before,wsj_2338,4170..4176
however,wsj_2338,1465..1472
however,wsj_2338,3909..3916
While,wsj_2339,2375..2380
but,wsj_2339,1528..1531
Additionally,wsj_2340,813..825
and,wsj_2340,140..143
however,wsj_2340,528..535
Also,wsj_2341,5185..5189
As a result,wsj_2341,1057..1068
Meanwhile,wsj_2341,4267..4276
While,wsj_2341,1307..1312
also,wsj_2341,2602..2606
as,wsj_2341,134..136
as,wsj_2341,4363..4365
but,wsj_2341,5288..5291
even though,wsj_2341,1814..1825
however,wsj_2341,250..257
if,wsj_2341,1470..1472
largely because,wsj_2341,3726..3741
while,wsj_2341,3843..3848
While,wsj_2342,602..607
and,wsj_2342,1008..1011
and,wsj_2342,844..847
because,wsj_2342,122..129
But,wsj_2343,354..357
But,wsj_2343,3937..3940
But,wsj_2343,4991..4994
However,wsj_2343,144..151
When,wsj_2343,2845..2849
also,wsj_2343,3838..3842
and,wsj_2343,2037..2040
as though,wsj_2343,2599..2608
because,wsj_2343,2801..2808
but,wsj_2343,2278..2281
especially when,wsj_2343,4600..4615
for example,wsj_2343,2227..2238
though,wsj_2343,3723..3729
when,wsj_2343,4921..4925
In addition,wsj_2344,1789..1800
Separately,wsj_2344,2023..2033
after,wsj_2344,1566..1571
and,wsj_2344,1028..1031
before,wsj_2344,1465..1471
If,wsj_2345,563..565
Indeed,wsj_2345,1985..1991
after,wsj_2345,1466..1471
and,wsj_2345,1778..1781
and,wsj_2345,2711..2714
even though,wsj_2345,1145..1156
then,wsj_2345,2529..2533
And,wsj_2347,3541..3544
But,wsj_2347,1001..1004
But,wsj_2347,1771..1774
But,wsj_2347,3613..3616
But,wsj_2347,471..474
If,wsj_2347,4176..4178
Moreover,wsj_2347,2035..2043
When,wsj_2347,9..13
also,wsj_2347,3186..3190
also,wsj_2347,4073..4077
also,wsj_2347,4277..4281
and,wsj_2347,1998..2001
as,wsj_2347,1188..1190
because,wsj_2347,4078..4085
but,wsj_2347,2608..2611
but,wsj_2347,4069..4072
but,wsj_2347,4516..4519
however,wsj_2347,1179..1186
in part because,wsj_2347,4012..4027
when,wsj_2347,2079..2083
But,wsj_2348,1228..1231
For example,wsj_2348,1729..1740
also,wsj_2348,1057..1061
also,wsj_2348,2358..2362
also,wsj_2348,2550..2554
also,wsj_2348,2881..2885
also,wsj_2348,3227..3231
and,wsj_2348,1377..1380
but,wsj_2348,130..133
but,wsj_2348,1569..1572
for example,wsj_2348,1303..1314
for instance,wsj_2348,836..848
later,wsj_2348,814..819
since,wsj_2348,314..319
And,wsj_2350,2413..2416
Besides,wsj_2350,1742..1749
But,wsj_2350,1633..1636
However,wsj_2350,2264..2271
However,wsj_2350,808..815
Still,wsj_2350,2552..2557
and,wsj_2350,3350..3353
because,wsj_2350,817..824
when,wsj_2350,2315..2319
while,wsj_2350,2877..2882
Accordingly,wsj_2351,4298..4309
Although,wsj_2351,600..608
And,wsj_2351,2038..2041
And,wsj_2351,2642..2645
And,wsj_2351,4498..4501
But,wsj_2351,2383..2386
But,wsj_2351,4830..4833
But,wsj_2351,552..555
But,wsj_2351,6616..6619
In addition,wsj_2351,3097..3108
So,wsj_2351,1060..1062
Then,wsj_2351,4655..4659
When,wsj_2351,9..13
also,wsj_2351,1860..1864
also,wsj_2351,2511..2515
also,wsj_2351,5425..5429
as,wsj_2351,2836..2838
as,wsj_2351,3614..3616
as,wsj_2351,3875..3877
as,wsj_2351,810..812
because,wsj_2351,4361..4368
but,wsj_2351,4056..4059
but,wsj_2351,6474..6477
especially after,wsj_2351,6046..6062
if,wsj_2351,6889..6891
so,wsj_2351,3872..3874
so,wsj_2351,4958..4960
when,wsj_2351,626..630
And,wsj_2352,701..704
But,wsj_2352,632..635
When,wsj_2352,788..792
and,wsj_2353,868..871
but,wsj_2353,799..802
or,wsj_2353,1025..1027
But,wsj_2354,1618..1621
But,wsj_2354,2146..2149
If,wsj_2354,1509..1511
Still,wsj_2354,586..591
Though,wsj_2354,450..456
and,wsj_2354,670..673
because,wsj_2354,1894..1901
because,wsj_2354,334..341
when,wsj_2354,1964..1968
But,wsj_2356,732..735
also,wsj_2356,1409..1413
and,wsj_2356,1080..1083
and,wsj_2356,949..952
as,wsj_2356,3925..3927
as,wsj_2356,4491..4493
meanwhile,wsj_2356,1739..1748
because,wsj_2357,972..979
After,wsj_2358,206..211
Although,wsj_2358,4000..4008
Although,wsj_2358,418..426
But,wsj_2358,1375..1378
But,wsj_2358,1715..1718
But,wsj_2358,3393..3396
But,wsj_2358,4406..4409
If,wsj_2358,3561..3563
Meanwhile,wsj_2358,4307..4316
Moreover,wsj_2358,2659..2667
While,wsj_2358,2518..2523
after,wsj_2358,2762..2767
after,wsj_2358,381..386
after,wsj_2358,3813..3818
after,wsj_2358,4274..4279
after,wsj_2358,4539..4544
after,wsj_2358,4615..4620
after,wsj_2358,4699..4704
after,wsj_2358,4807..4812
and,wsj_2358,88..91
as,wsj_2358,357..359
as,wsj_2358,3959..3961
before,wsj_2358,458..464
but,wsj_2358,1523..1526
but,wsj_2358,3048..3051
still,wsj_2358,1606..1611
then,wsj_2358,2304..2308
while,wsj_2358,4193..4198
while,wsj_2358,4571..4576
Accordingly,wsj_2359,535..546
also,wsj_2359,1284..1288
also,wsj_2359,995..999
as a result,wsj_2359,1425..1436
however,wsj_2359,1613..1620
also,wsj_2360,2816..2820
also,wsj_2360,4137..4141
also,wsj_2360,426..430
also,wsj_2360,4511..4515
and,wsj_2360,4595..4598
but,wsj_2360,2038..2041
for instance,wsj_2360,2930..2942
however,wsj_2360,3769..3776
however,wsj_2360,4221..4228
instead,wsj_2360,3036..3043
thus,wsj_2360,4045..4049
until,wsj_2360,1159..1164
when,wsj_2360,4477..4481
But,wsj_2363,2718..2721
accordingly,wsj_2363,1298..1309
also,wsj_2363,682..686
and,wsj_2363,1385..1388
and,wsj_2363,1843..1846
and,wsj_2363,650..653
as,wsj_2363,706..708
because,wsj_2363,150..157
however,wsj_2363,2929..2936
since,wsj_2363,2938..2943
when,wsj_2363,2722..2726
But,wsj_2365,5867..5870
But,wsj_2365,635..638
Meanwhile,wsj_2365,3414..3423
On the other hand,wsj_2365,4075..4092
While,wsj_2365,2257..2262
also,wsj_2365,1563..1567
also,wsj_2365,6137..6141
and,wsj_2365,2810..2813
and,wsj_2365,4552..4555
but,wsj_2365,2663..2666
but,wsj_2365,5026..5029
for instance,wsj_2365,4511..4523
for instance,wsj_2365,4896..4908
however,wsj_2365,2022..2029
however,wsj_2365,2963..2970
meanwhile,wsj_2365,1634..1643
since,wsj_2365,3331..3336
when,wsj_2365,370..374
while,wsj_2365,4258..4263
Although,wsj_2366,3621..3629
And,wsj_2366,1698..1701
And,wsj_2366,962..965
As,wsj_2366,2277..2279
But,wsj_2366,1496..1499
But,wsj_2366,2324..2327
Still,wsj_2366,422..427
While,wsj_2366,4223..4228
although,wsj_2366,966..974
and,wsj_2366,1405..1408
and,wsj_2366,3471..3474
and,wsj_2366,3992..3995
and,wsj_2366,5310..5313
even after,wsj_2366,1702..1712
for instance,wsj_2366,310..322
however,wsj_2366,1990..1997
presumably because,wsj_2366,2780..2798
though,wsj_2366,1337..1343
while,wsj_2366,3143..3148
After,wsj_2367,1660..1665
And,wsj_2367,601..604
Besides,wsj_2367,1199..1206
But,wsj_2367,1438..1441
although,wsj_2367,1946..1954
and,wsj_2367,1295..1298
and,wsj_2367,97..100
And,wsj_2368,407..410
And,wsj_2368,470..473
For instance,wsj_2368,216..228
even if,wsj_2368,474..481
if,wsj_2368,536..538
while,wsj_2368,521..526
and,wsj_2370,343..346
Also,wsj_2372,3977..3981
Also,wsj_2372,5762..5766
Although,wsj_2372,3094..3102
And,wsj_2372,2097..2100
Because,wsj_2372,2626..2633
But,wsj_2372,1226..1229
But,wsj_2372,3500..3503
But,wsj_2372,706..709
If,wsj_2372,1653..1655
In addition,wsj_2372,5336..5347
In addition,wsj_2372,914..925
also,wsj_2372,4770..4774
also,wsj_2372,5170..5174
also,wsj_2372,5625..5629
also,wsj_2372,8384..8388
because,wsj_2372,4250..4257
because,wsj_2372,5078..5085
if,wsj_2372,7323..7325
since,wsj_2372,6272..6277
so,wsj_2372,3643..3645
and,wsj_2373,751..754
before,wsj_2373,317..323
if,wsj_2373,711..713
if,wsj_2373,755..757
And,wsj_2376,3811..3814
But,wsj_2376,2212..2215
But,wsj_2376,3893..3896
But,wsj_2376,4226..4229
If,wsj_2376,4119..4121
If,wsj_2376,6507..6509
If,wsj_2376,7301..7303
If,wsj_2376,7410..7412
If,wsj_2376,773..775
Just when,wsj_2376,9..18
Nevertheless,wsj_2376,4979..4991
Or,wsj_2376,163..165
So,wsj_2376,1555..1557
So,wsj_2376,4004..4006
Thus,wsj_2376,1765..1769
Thus,wsj_2376,4033..4037
also,wsj_2376,3935..3939
and,wsj_2376,374..377
and,wsj_2376,5839..5842
because,wsj_2376,7789..7796
before,wsj_2376,7537..7543
but,wsj_2376,3509..3512
but,wsj_2376,3600..3603
but,wsj_2376,736..739
if,wsj_2376,1781..1783
if,wsj_2376,2745..2747
much as,wsj_2376,5204..5211
since,wsj_2376,5709..5714
so,wsj_2376,4281..4283
so,wsj_2376,5641..5643
so,wsj_2376,5764..5766
then,wsj_2376,2985..2989
then,wsj_2376,3604..3608
then,wsj_2376,6475..6479
though,wsj_2376,2839..2845
thus,wsj_2376,7863..7867
until,wsj_2376,1021..1026
until,wsj_2376,6718..6723
As,wsj_2377,438..440
But,wsj_2377,2111..2114
But,wsj_2377,3416..3419
Thus,wsj_2377,4283..4287
Thus,wsj_2377,4838..4842
Thus,wsj_2377,5591..5595
also,wsj_2377,3152..3156
and,wsj_2377,4948..4951
and,wsj_2377,5983..5986
because,wsj_2377,5383..5390
but,wsj_2377,5379..5382
however,wsj_2377,4493..4500
if,wsj_2377,2115..2117
nor,wsj_2377,4373..4376
only if,wsj_2377,5096..5103
particularly after,wsj_2377,5661..5679
specifically,wsj_2377,4649..4661
thus,wsj_2377,4440..4444
when,wsj_2377,1724..1728
when,wsj_2377,2046..2050
when,wsj_2377,2343..2347
when,wsj_2377,3312..3316
when,wsj_2377,5597..5601
while,wsj_2377,2607..2612
But,wsj_2378,420..423
But,wsj_2378,621..624
Or,wsj_2378,103..105
and,wsj_2378,33..36
Because,wsj_2379,4594..4601
But,wsj_2379,2588..2591
But,wsj_2379,3149..3152
But,wsj_2379,4734..4737
But,wsj_2379,5407..5410
But,wsj_2379,6656..6659
By comparison,wsj_2379,753..766
If,wsj_2379,5919..5921
In addition,wsj_2379,5990..6001
In addition,wsj_2379,6116..6127
Nevertheless,wsj_2379,4395..4407
Nonetheless,wsj_2379,537..548
So,wsj_2379,3478..3480
When,wsj_2379,2839..2843
also,wsj_2379,7403..7407
and,wsj_2379,3645..3648
and,wsj_2379,7773..7776
and,wsj_2379,826..829
and,wsj_2379,86..89
as,wsj_2379,3349..3351
as,wsj_2379,60..62
because,wsj_2379,1223..1230
for instance,wsj_2379,6710..6722
when,wsj_2379,2718..2722
when,wsj_2379,2807..2811
while,wsj_2379,3482..3487
And,wsj_2381,140..143
But,wsj_2381,519..522
If,wsj_2381,1997..1999
Meanwhile,wsj_2381,4732..4741
Then,wsj_2381,1222..1226
also,wsj_2381,1322..1326
and,wsj_2381,1385..1388
and,wsj_2381,2382..2385
and,wsj_2381,3992..3995
as,wsj_2381,3964..3966
because,wsj_2381,1410..1417
because,wsj_2381,1864..1871
before,wsj_2381,3270..3276
before,wsj_2381,4631..4637
but,wsj_2381,5364..5367
earlier,wsj_2381,4525..4532
however,wsj_2381,3168..3175
if,wsj_2381,432..434
if,wsj_2381,958..960
later,wsj_2381,5020..5025
so,wsj_2381,2623..2625
still,wsj_2381,3051..3056
unless,wsj_2381,587..593
when,wsj_2381,1049..1053
when,wsj_2381,1670..1674
when,wsj_2381,682..686
But,wsj_2382,631..634
also,wsj_2382,518..522
earlier,wsj_2382,1015..1022
also,wsj_2383,1021..1025
because,wsj_2383,245..252
previously,wsj_2383,1074..1084
then,wsj_2383,674..678
thus,wsj_2383,907..911
And,wsj_2384,2105..2108
And,wsj_2384,2817..2820
Before,wsj_2384,7273..7279
But,wsj_2384,2010..2013
But,wsj_2384,3282..3285
But,wsj_2384,4084..4087
But,wsj_2384,686..689
But,wsj_2384,7224..7227
Nevertheless,wsj_2384,4653..4665
When,wsj_2384,5721..5725
although,wsj_2384,2728..2736
although,wsj_2384,594..602
and,wsj_2384,2595..2598
and,wsj_2384,429..432
and,wsj_2384,4407..4410
and,wsj_2384,4499..4502
and,wsj_2384,6499..6502
because,wsj_2384,1014..1021
because,wsj_2384,5144..5151
but,wsj_2384,104..107
but,wsj_2384,7063..7066
but,wsj_2384,7761..7764
even though,wsj_2384,3200..3211
still,wsj_2384,7005..7010
And,wsj_2386,4815..4818
And,wsj_2386,4921..4924
And,wsj_2386,615..618
But,wsj_2386,1389..1392
But,wsj_2386,387..390
But,wsj_2386,4393..4396
If,wsj_2386,697..699
In fact,wsj_2386,1530..1537
Once,wsj_2386,5268..5272
Still,wsj_2386,3499..3504
When,wsj_2386,3568..3572
When,wsj_2386,5244..5248
although,wsj_2386,2824..2832
and,wsj_2386,1092..1095
and,wsj_2386,1859..1862
as,wsj_2386,309..311
but,wsj_2386,1064..1067
but,wsj_2386,2697..2700
but,wsj_2386,4598..4601
but,wsj_2386,95..98
even as,wsj_2386,3413..3420
finally,wsj_2386,4926..4933
however,wsj_2386,1850..1857
however,wsj_2386,2318..2325
if,wsj_2386,1772..1774
if,wsj_2386,2363..2365
partly because,wsj_2386,2915..2929
when,wsj_2386,1348..1352
when,wsj_2386,3472..3476
when,wsj_2386,785..789
But,wsj_2387,4350..4353
But,wsj_2387,572..575
also,wsj_2387,3236..3240
also,wsj_2387,3384..3388
also,wsj_2387,3710..3714
also,wsj_2387,4447..4451
also,wsj_2387,6321..6325
and,wsj_2387,1235..1238
and,wsj_2387,514..517
and,wsj_2387,915..918
because,wsj_2387,3540..3547
because,wsj_2387,4746..4753
but,wsj_2387,1739..1742
but,wsj_2387,6079..6082
but,wsj_2387,6353..6356
but,wsj_2387,6512..6515
by contrast,wsj_2387,707..718
by then,wsj_2387,6516..6523
for example,wsj_2387,3496..3507
for example,wsj_2387,6191..6202
however,wsj_2387,2121..2128
however,wsj_2387,3130..3137
meanwhile,wsj_2387,2234..2243
nevertheless,wsj_2387,1746..1758
when,wsj_2387,5216..5220
whereas,wsj_2387,5007..5014
while,wsj_2387,3576..3581
yet,wsj_2387,2034..2037
And,wsj_2391,277..280
Meanwhile,wsj_2391,912..921
before,wsj_2392,641..647
But,wsj_2393,618..621
If,wsj_2393,492..494
because,wsj_2393,154..161
because,wsj_2393,932..939
so,wsj_2393,1264..1266
when,wsj_2393,427..431
But,wsj_2394,337..340
In fact,wsj_2394,813..820
also,wsj_2394,1222..1226
also,wsj_2394,1634..1638
and,wsj_2394,1559..1562
and,wsj_2394,1765..1768
and,wsj_2394,2317..2320
and,wsj_2394,941..944
but,wsj_2394,587..590
however,wsj_2394,1849..1856
But,wsj_2395,565..568
and,wsj_2395,302..305
But,wsj_2396,2357..2360
Nevertheless,wsj_2396,2615..2627
if,wsj_2396,1998..2000
But,wsj_2398,3285..3288
But,wsj_2398,3497..3500
But,wsj_2398,4661..4664
Moreover,wsj_2398,2127..2135
Still,wsj_2398,1888..1893
Though,wsj_2398,941..947
also,wsj_2398,390..394
because,wsj_2398,4585..4592
but,wsj_2398,3001..3004
even though,wsj_2398,2671..2682
largely because,wsj_2398,1957..1972
when,wsj_2398,2177..2181
while,wsj_2398,4015..4020
before,wsj_2399,1266..1272
while,wsj_2399,2387..2392
